lltv_bps,bonus_cap_bps,valid,paths,initial_ltv,mean_bad_debt,p95_bad_debt,p99_bad_debt,p99_ci_low,p99_ci_high,max_bad_debt,prob_bad_debt,mean_liquidations,mean_closeouts,mean_liquidator_profit,mean_unprofitable_skips,mean_min_price
6250,50,true,24,0.481250,0.00000000,0.00000000,0.00000000,0.00000000,0.00000000,0.00000000,0.0000,0.000,0.000,0.00,1601.167,0.957137
6250,100,true,24,0.481250,0.00000000,0.00000000,0.00000000,0.00000000,0.00000000,0.00000000,0.0000,2.625,0.000,206.45,81.000,0.955500
6250,200,true,24,0.481250,0.00000000,0.00000000,0.00000000,0.00000000,0.00000000,0.00000000,0.0000,2.417,0.000,1133.93,38.750,0.953697
6250,500,true,24,0.481250,0.00000000,0.00000000,0.00000000,0.00000000,0.00000000,0.00000000,0.0000,3.375,0.000,8544.02,32.250,0.944632
6250,1000,true,24,0.481250,0.00000000,0.00000000,0.00000000,0.00000000,0.00000000,0.00000000,0.0000,5.167,0.000,45305.76,39.958,0.933404
6250,1500,true,24,0.481250,0.00000000,0.00000000,0.00000000,0.00000000,0.00000000,0.00000000,0.0000,5.750,0.000,90078.35,43.042,0.927943
7700,50,true,24,0.592899,0.00000000,0.00000000,0.00000000,0.00000000,0.00000000,0.00000000,0.0000,0.000,0.000,0.00,1601.167,0.957137
7700,100,true,24,0.592899,0.00000000,0.00000000,0.00000000,0.00000000,0.00000000,0.00000000,0.0000,3.417,0.000,291.92,94.167,0.954452
7700,200,true,24,0.592899,0.00000000,0.00000000,0.00000000,0.00000000,0.00000000,0.00000000,0.0000,3.708,0.000,1864.73,58.417,0.951681
7700,500,true,24,0.592899,0.00000000,0.00000000,0.00000000,0.00000000,0.00000000,0.00000000,0.0000,6.000,0.000,19640.72,58.042,0.934868
7700,1000,true,24,0.592899,0.00030320,0.00285648,0.00442029,0.00000000,0.00442029,0.00442029,0.0833,6.042,0.750,53420.29,51.833,0.926354
7700,1500,true,24,0.592899,0.00426734,0.03544405,0.06697223,0.00000000,0.06697223,0.06697223,0.0833,5.708,1.958,74889.13,52.917,0.920057
8600,50,true,24,0.662199,0.00000000,0.00000000,0.00000000,0.00000000,0.00000000,0.00000000,0.0000,0.000,0.000,0.00,1601.167,0.957137
8600,100,true,24,0.662199,0.00000000,0.00000000,0.00000000,0.00000000,0.00000000,0.00000000,0.0000,5.833,0.000,503.54,121.958,0.952142
8600,200,true,24,0.662199,0.00000000,0.00000000,0.00000000,0.00000000,0.00000000,0.00000000,0.0000,5.708,0.000,3005.95,80.875,0.949288
8600,500,true,24,0.662199,0.00023282,0.00072388,0.00486381,0.00000000,0.00486381,0.00486381,0.0833,8.458,0.458,30169.13,69.583,0.931751
8600,1000,true,24,0.662199,0.00167380,0.00405380,0.03611736,0.00000000,0.03611736,0.03611736,0.0833,6.250,2.208,51530.78,69.458,0.923408
8600,1500,true,24,0.662199,0.00828104,0.07568125,0.12306374,0.00000000,0.12306374,0.12306374,0.0833,6.125,2.708,63860.85,69.333,0.916369
9150,50,true,24,0.704549,0.00009070,0.00000000,0.00217672,0.00000000,0.00217672,0.00217672,0.0417,0.000,0.000,0.00,1601.167,0.957137
9150,100,true,24,0.704549,0.00007105,0.00000000,0.00170528,0.00000000,0.00170528,0.00170528,0.0417,4.583,0.083,404.46,675.042,0.955811
9150,200,true,24,0.704549,0.00000773,0.00000000,0.00018557,0.00000000,0.00018557,0.00018557,0.0417,7.542,0.083,4495.41,187.583,0.946183
9150,500,true,24,0.704549,0.00021072,0.00000000,0.00505725,0.00000000,0.00505725,0.00505725,0.0417,6.500,1.625,16400.39,191.958,0.933099
9150,1000,false,0,0.000000,0.00000000,0.00000000,0.00000000,0.00000000,0.00000000,0.00000000,0.0000,0.000,0.000,0.00,0.000,0.000000
9150,1500,false,0,0.000000,0.00000000,0.00000000,0.00000000,0.00000000,0.00000000,0.00000000,0.0000,0.000,0.000,0.00,0.000,0.000000
9450,50,true,24,0.727649,0.00021107,0.00065216,0.00441353,0.00000000,0.00441353,0.00441353,0.0833,0.000,0.000,0.00,1601.167,0.957137
9450,100,true,24,0.727649,0.00017395,0.00059337,0.00358154,0.00000000,0.00358154,0.00358154,0.0833,4.250,0.125,285.50,827.083,0.955843
9450,200,true,24,0.727649,0.00007532,0.00050211,0.00130564,0.00000000,0.00130564,0.00130564,0.0833,7.833,0.417,5354.53,297.417,0.947669
9450,500,true,24,0.727649,0.00019244,0.00050211,0.00411656,0.00000000,0.00411656,0.00411656,0.0833,5.000,1.083,10362.15,402.875,0.938739
9450,1000,false,0,0.000000,0.00000000,0.00000000,0.00000000,0.00000000,0.00000000,0.00000000,0.0000,0.000,0.000,0.00,0.000,0.000000
9450,1500,false,0,0.000000,0.00000000,0.00000000,0.00000000,0.00000000,0.00000000,0.00000000,0.0000,0.000,0.000,0.00,0.000,0.000000
